,Title,Company,Salary,Summary
1,Engineering Innovation Intern,Spin Master Ltd,,The intern will leverage skills and knowledge gained throughout the assignment to then partner with the other engineering interns in our Los Angeles and Long…
2,Digital Marketing Intern,Lowe's Canada,,"Under the supervision of a marketing manager, you will assist in invoice creation, copy and creative development and perform some administrative work."
3,Demand Planning Intern,Spin Master Ltd,,"As a member of the Demand Planning Team, you will primarily focus on the forecasting for the Omnichannel Team (online customers), which includes Walmart.com."
4,Product Development Engineering Intern,Spin Master Ltd,,The intern will leverage skills and knowledge gained throughout the assignment to then partner with the other engineering interns in our Los Angeles and Long…
5,Supply Planning Intern,Spin Master Ltd,,You will act as the focal point for coordinating projects relating to Supply Planning continuous improvement.Global Inventory reporting – transition from Excel…
6,Disability Rights Division Intern,Human Rights Watch,"$1,500 a month","HRW prioritizes the safety of our interns.The intern must be a currently enrolled law student, graduate level LL.M."
7,Brand Communications Intern (12 Months),BMW Group Canada,,"Management of the BMW Canada Marketing Hub, including the uploading of finalized creative materials and assets.A valid driver’s License is required."
8,Compliance Intern (12 Months),BMW Group Canada,,To manage and update the Compliance pages for the Associate Infonet.To manage and update the compliance training plate for ongoing managing and monitoring of…
9,Jr. Software Engineer Intern (JR1024602),Broadridge,,"Under the guidance of the senior team members, he/she will perform requirement analysis, develop programs in Java, complete application testing, and update…"
10,Client Experience Professional - Summer 2021 Internship (Jun...,Deloitte,,"Be expected to share your ideas and to make them a reality.As a Client Experience Professional, you will represent the firm as an ambassador for our clients…"
11,Human Resources Intern,The Career Foundation,,Maintain Employees File Records – update company databases by inputting employee information.Salary: competitive compensation depending on experience.
12,Digital Marketing Intern,Ulula,$18 - $22 an hour,The Digital Marketing Intern will be working closely with the Ulula Business Development & Marketing team to support the organization and execution of strategic…
13,Education Publishing Intern,Wiley,,"Assist the sales team with market research, data collection and customer outreach.Assist the Customer Success team with customer support, gaining hands on…"
14,"Intern, Global Equities Small Cap (Summer 2021)",Fiera Capital,,"Flexible work arrangements, competitive compensation and benefits.We’re looking for a hardworking, eager, and analytical thinker to assist with the Global…"
15,,Spin Master Ltd,,The perfect candidate is a passionate ‘maker’ – who thrives on crafting and creating in their spare time.By sharing your knowledge of current trends to help…
16,Engineering Innovation Intern,Spin Master Ltd,,The intern will leverage skills and knowledge gained throughout the assignment to then partner with the other engineering interns in our Los Angeles and Long…
17,Digital Marketing Intern,Lowe's Canada,,"Under the supervision of a marketing manager, you will assist in invoice creation, copy and creative development and perform some administrative work."
18,Demand Planning Intern,Spin Master Ltd,,"As a member of the Demand Planning Team, you will primarily focus on the forecasting for the Omnichannel Team (online customers), which includes Walmart.com."
19,Product Development Engineering Intern,Spin Master Ltd,,The intern will leverage skills and knowledge gained throughout the assignment to then partner with the other engineering interns in our Los Angeles and Long…
20,Supply Planning Intern,Spin Master Ltd,,You will act as the focal point for coordinating projects relating to Supply Planning continuous improvement.Global Inventory reporting – transition from Excel…
21,Disability Rights Division Intern,Human Rights Watch,"$1,500 a month","HRW prioritizes the safety of our interns.The intern must be a currently enrolled law student, graduate level LL.M."
22,Brand Communications Intern (12 Months),BMW Group Canada,,"Management of the BMW Canada Marketing Hub, including the uploading of finalized creative materials and assets.A valid driver’s License is required."
23,Compliance Intern (12 Months),BMW Group Canada,,To manage and update the Compliance pages for the Associate Infonet.To manage and update the compliance training plate for ongoing managing and monitoring of…
24,Jr. Software Engineer Intern (JR1024602),Broadridge,,"Under the guidance of the senior team members, he/she will perform requirement analysis, develop programs in Java, complete application testing, and update…"
25,Client Experience Professional - Summer 2021 Internship (Jun...,Deloitte,,"Be expected to share your ideas and to make them a reality.As a Client Experience Professional, you will represent the firm as an ambassador for our clients…"
26,Human Resources Intern,The Career Foundation,,Maintain Employees File Records – update company databases by inputting employee information.Salary: competitive compensation depending on experience.
27,Digital Marketing Intern,Ulula,$18 - $22 an hour,The Digital Marketing Intern will be working closely with the Ulula Business Development & Marketing team to support the organization and execution of strategic…
28,Education Publishing Intern,Wiley,,"Assist the sales team with market research, data collection and customer outreach.Assist the Customer Success team with customer support, gaining hands on…"
29,"Intern, Global Equities Small Cap (Summer 2021)",Fiera Capital,,"Flexible work arrangements, competitive compensation and benefits.We’re looking for a hardworking, eager, and analytical thinker to assist with the Global…"
30,,Spin Master Ltd,,The perfect candidate is a passionate ‘maker’ – who thrives on crafting and creating in their spare time.By sharing your knowledge of current trends to help…
31,Engineering Innovation Intern,Spin Master Ltd,,The intern will leverage skills and knowledge gained throughout the assignment to then partner with the other engineering interns in our Los Angeles and Long…
32,Digital Marketing Intern,Lowe's Canada,,"Under the supervision of a marketing manager, you will assist in invoice creation, copy and creative development and perform some administrative work."
33,Demand Planning Intern,Spin Master Ltd,,"As a member of the Demand Planning Team, you will primarily focus on the forecasting for the Omnichannel Team (online customers), which includes Walmart.com."
34,Product Development Engineering Intern,Spin Master Ltd,,The intern will leverage skills and knowledge gained throughout the assignment to then partner with the other engineering interns in our Los Angeles and Long…
35,Supply Planning Intern,Spin Master Ltd,,You will act as the focal point for coordinating projects relating to Supply Planning continuous improvement.Global Inventory reporting – transition from Excel…
36,Disability Rights Division Intern,Human Rights Watch,"$1,500 a month","HRW prioritizes the safety of our interns.The intern must be a currently enrolled law student, graduate level LL.M."
37,Brand Communications Intern (12 Months),BMW Group Canada,,"Management of the BMW Canada Marketing Hub, including the uploading of finalized creative materials and assets.A valid driver’s License is required."
38,Compliance Intern (12 Months),BMW Group Canada,,To manage and update the Compliance pages for the Associate Infonet.To manage and update the compliance training plate for ongoing managing and monitoring of…
39,Jr. Software Engineer Intern (JR1024602),Broadridge,,"Under the guidance of the senior team members, he/she will perform requirement analysis, develop programs in Java, complete application testing, and update…"
40,Client Experience Professional - Summer 2021 Internship (Jun...,Deloitte,,"Be expected to share your ideas and to make them a reality.As a Client Experience Professional, you will represent the firm as an ambassador for our clients…"
41,Human Resources Intern,The Career Foundation,,Maintain Employees File Records – update company databases by inputting employee information.Salary: competitive compensation depending on experience.
42,Digital Marketing Intern,Ulula,$18 - $22 an hour,The Digital Marketing Intern will be working closely with the Ulula Business Development & Marketing team to support the organization and execution of strategic…
43,Education Publishing Intern,Wiley,,"Assist the sales team with market research, data collection and customer outreach.Assist the Customer Success team with customer support, gaining hands on…"
44,"Intern, Global Equities Small Cap (Summer 2021)",Fiera Capital,,"Flexible work arrangements, competitive compensation and benefits.We’re looking for a hardworking, eager, and analytical thinker to assist with the Global…"
45,,Spin Master Ltd,,The perfect candidate is a passionate ‘maker’ – who thrives on crafting and creating in their spare time.By sharing your knowledge of current trends to help…
46,Engineering Innovation Intern,Spin Master Ltd,,The intern will leverage skills and knowledge gained throughout the assignment to then partner with the other engineering interns in our Los Angeles and Long…
47,Digital Marketing Intern,Lowe's Canada,,"Under the supervision of a marketing manager, you will assist in invoice creation, copy and creative development and perform some administrative work."
48,Demand Planning Intern,Spin Master Ltd,,"As a member of the Demand Planning Team, you will primarily focus on the forecasting for the Omnichannel Team (online customers), which includes Walmart.com."
49,Product Development Engineering Intern,Spin Master Ltd,,The intern will leverage skills and knowledge gained throughout the assignment to then partner with the other engineering interns in our Los Angeles and Long…
50,Supply Planning Intern,Spin Master Ltd,,You will act as the focal point for coordinating projects relating to Supply Planning continuous improvement.Global Inventory reporting – transition from Excel…
51,Disability Rights Division Intern,Human Rights Watch,"$1,500 a month","HRW prioritizes the safety of our interns.The intern must be a currently enrolled law student, graduate level LL.M."
52,Brand Communications Intern (12 Months),BMW Group Canada,,"Management of the BMW Canada Marketing Hub, including the uploading of finalized creative materials and assets.A valid driver’s License is required."
53,Compliance Intern (12 Months),BMW Group Canada,,To manage and update the Compliance pages for the Associate Infonet.To manage and update the compliance training plate for ongoing managing and monitoring of…
54,Jr. Software Engineer Intern (JR1024602),Broadridge,,"Under the guidance of the senior team members, he/she will perform requirement analysis, develop programs in Java, complete application testing, and update…"
55,Client Experience Professional - Summer 2021 Internship (Jun...,Deloitte,,"Be expected to share your ideas and to make them a reality.As a Client Experience Professional, you will represent the firm as an ambassador for our clients…"
56,Human Resources Intern,The Career Foundation,,Maintain Employees File Records – update company databases by inputting employee information.Salary: competitive compensation depending on experience.
57,Digital Marketing Intern,Ulula,$18 - $22 an hour,The Digital Marketing Intern will be working closely with the Ulula Business Development & Marketing team to support the organization and execution of strategic…
58,Education Publishing Intern,Wiley,,"Assist the sales team with market research, data collection and customer outreach.Assist the Customer Success team with customer support, gaining hands on…"
59,"Intern, Global Equities Small Cap (Summer 2021)",Fiera Capital,,"Flexible work arrangements, competitive compensation and benefits.We’re looking for a hardworking, eager, and analytical thinker to assist with the Global…"
